row,x,y,z,state
1,3.983081,1.531809,7.484163,0
2,3.983348,1.532268,7.482962,0
3,3.983741,1.533367,7.481287,0
4,3.984379,1.533988,7.479149,0
5,3.984728,1.535049,7.476712,0
6,3.985385,1.537642,7.472989,0
7,3.987761,1.540288,7.470764,0
8,3.990738,1.543137,7.467374,0
9,3.994131,1.54528,7.463128,0
10,3.996497,1.545487,7.458354,0
11,3.99698,1.543971,7.453553,0
12,3.996363,1.54108,7.453284,0
13,3.994267,1.538348,7.460268,0
14,3.99272,1.53591,7.473874,0
15,3.991303,1.532068,7.491742,0
16,3.989513,1.525628,7.509827,0
17,3.987103,1.517046,7.52731,0
18,3.984985,1.506859,7.537493,0
19,3.981997,1.496884,7.545757,0
20,3.978604,1.488976,7.551552,0
21,3.976279,1.483529,7.556555,0
22,3.975312,1.480559,7.561747,0
23,3.977368,1.478763,7.569795,0
24,3.981613,1.478717,7.578486,0
25,3.990047,1.481967,7.593131,0
26,4.006332,1.488262,7.612482,0
27,4.028769,1.49544,7.631413,0
28,4.059982,1.505016,7.648636,0
29,4.083813,1.512596,7.662321,0
30,4.104165,1.51933,7.673711,0
31,4.119859,1.524551,7.681837,0
32,4.130477,1.525172,7.682919,0
33,4.133751,1.527868,7.675785,0
34,4.126632,1.526222,7.659686,0
35,4.11148,1.52705,7.639036,0
36,4.084951,1.529331,7.611303,0
37,4.052324,1.529763,7.573982,0
38,4.023508,1.530329,7.526601,0
39,4.008026,1.527523,7.47014,0
40,4.008414,1.52658,7.437903,0
41,4.012108,1.527748,7.418458,0
42,4.013764,1.530587,7.40699,0
43,4.016183,1.532374,7.403296,0
44,4.017138,1.53572,7.404675,0
45,4.017416,1.539893,7.409775,0
46,4.017629,1.540268,7.415792,0
47,4.016363,1.541081,7.425997,0
48,4.013997,1.54118,7.440816,0
49,4.009544,1.540882,7.460606,0
50,3.999565,1.538595,7.486092,1
51,3.989248,1.535545,7.499295,1
52,3.982296,1.537205,7.495919,1
53,3.978497,1.531075,7.482793,1
54,3.974516,1.520272,7.465892,1
55,3.972625,1.513692,7.453183,1
56,3.967736,1.518173,7.445522,1
57,3.96422,1.513921,7.443365,1
58,3.958062,1.511185,7.444709,1
59,3.955715,1.507657,7.443583,1
60,3.947117,1.507488,7.436966,1
61,3.946603,1.500919,7.425202,1
62,3.941611,1.498686,7.411364,1
63,3.939924,1.493747,7.401984,1
64,3.937802,1.498366,7.39743,1
65,3.936359,1.496946,7.399211,1
66,3.931877,1.497647,7.408233,1
67,3.928984,1.491386,7.417027,1
68,3.924377,1.494641,7.417671,1
69,3.927825,1.494187,7.412208,1
70,3.935633,1.486707,7.401469,1
71,3.931321,1.485533,7.3901,1
72,3.929948,1.489391,7.384624,1
73,3.929652,1.494357,7.38533,1
74,3.931807,1.489882,7.39264,1
75,3.927784,1.495386,7.403613,1
76,3.922552,1.499664,7.410025,1
77,3.924717,1.502719,7.407085,1
78,3.927581,1.503344,7.398606,1
79,3.925887,1.505023,7.386882,1
80,3.922174,1.509366,7.375856,1
81,3.919122,1.513702,7.372958,1
82,3.919904,1.516967,7.377131,1
83,3.920551,1.522291,7.39238,0
84,3.918741,1.527741,7.407472,0
85,3.916476,1.527523,7.416831,0
86,3.915091,1.528956,7.422163,0
87,3.915796,1.527882,7.424487,0
88,3.914924,1.528848,7.424198,0
89,3.912893,1.52841,7.424259,0
90,3.910769,1.528446,7.423584,0
91,3.908863,1.528672,7.422761,0
92,3.907604,1.527813,7.422387,0
93,3.907111,1.528442,7.422791,0
94,3.907077,1.530627,7.425201,0
95,3.907897,1.532008,7.429178,0
96,3.909315,1.533085,7.43555,0
97,3.911337,1.535686,7.442845,0
98,3.912875,1.53651,7.448843,0
99,3.914716,1.536425,7.452708,0
100,3.916966,1.537403,7.455906,0
101,3.919026,1.537348,7.45891,0
102,3.920429,1.537412,7.462045,0
103,3.920402,1.535946,7.463449,0
104,3.916419,1.530491,7.46088,0
105,3.909993,1.531926,7.451756,0
106,3.907822,1.527609,7.441363,1
107,3.900416,1.531531,7.430135,1
108,3.896504,1.532107,7.425493,1
109,3.891672,1.529393,7.426737,1
110,3.888632,1.51258,7.434398,1
111,3.882185,1.500326,7.448997,1
112,3.8765,1.497061,7.460646,1
113,3.872036,1.489779,7.464857,1
114,3.87576,1.483617,7.461361,1
115,3.879594,1.480414,7.452497,1
116,3.876568,1.476666,7.439489,1
117,3.874147,1.474453,7.431914,1
118,3.873191,1.475087,7.429018,1
119,3.878623,1.466272,7.431697,1
120,3.875246,1.471575,7.438461,1
121,3.866852,1.477425,7.441622,1
122,3.863859,1.479607,7.437625,1
123,3.862912,1.482154,7.428516,1
124,3.859007,1.494905,7.415542,1
125,3.859654,1.506609,7.404884,1
126,3.861294,1.512407,7.396201,1
127,3.861031,1.518872,7.391229,1
128,3.864582,1.521729,7.399834,1
129,3.859465,1.534486,7.405346,1
130,3.861602,1.543503,7.408038,1
131,3.861279,1.544215,7.40498,1
132,3.860838,1.540041,7.398359,1
133,3.856035,1.540145,7.39317,1
134,3.850569,1.546718,7.395104,1
135,3.847022,1.549308,7.401472,1
136,3.843901,1.539638,7.411231,1
137,3.837401,1.540948,7.421799,1
138,3.83186,1.546378,7.428094,1
139,3.829851,1.544153,7.4265,1
140,3.831467,1.532797,7.421062,1
141,3.832562,1.536741,7.41556,0
142,3.830869,1.534806,7.417351,0
143,3.833064,1.53225,7.426367,0
144,3.835931,1.533872,7.439619,0
145,3.84042,1.533467,7.449122,0
146,3.844338,1.533004,7.454292,0
147,3.846736,1.53234,7.456135,0
148,3.84868,1.530586,7.458397,0
149,3.849553,1.529263,7.458567,0
150,3.84974,1.527957,7.4593,0
151,3.849377,1.526165,7.458907,0
152,3.849004,1.5262,7.457749,0
153,3.847368,1.525424,7.456937,0
154,3.845106,1.523521,7.456935,0
155,3.843836,1.52319,7.456428,0
156,3.843198,1.522595,7.456102,0
157,3.842777,1.522427,7.455297,0
158,3.841917,1.521739,7.455459,0
159,3.840606,1.520975,7.457078,0
160,3.83927,1.520346,7.463267,0
161,3.83794,1.5186,7.471957,0
162,3.83733,1.515549,7.479432,0
163,3.837118,1.51322,7.482634,0
164,3.835439,1.51483,7.478351,0
165,3.830768,1.517256,7.465189,0
166,3.826582,1.512066,7.448054,1
167,3.822577,1.509764,7.432328,1
168,3.817322,1.518645,7.424008,1
169,3.819431,1.523394,7.423362,1
170,3.819073,1.520091,7.429606,1
171,3.810315,1.527131,7.441879,1
172,3.80677,1.5286,7.44844,1
173,3.806981,1.531545,7.445177,1
174,3.810805,1.531318,7.434104,1
175,3.811134,1.537568,7.402105,1
176,3.815053,1.540054,7.369842,1
177,3.832173,1.539173,7.353332,1
178,3.838314,1.532023,7.356546,1
179,3.833099,1.524711,7.378406,1
180,3.820488,1.524549,7.406645,1
181,3.812219,1.527133,7.433292,1
182,3.806236,1.524402,7.446399,1
183,3.808274,1.503965,7.444046,1
184,3.801506,1.501565,7.439916,1
185,3.788877,1.537027,7.444383,1
186,3.782297,1.551182,7.452656,2
187,3.789062,1.517751,7.453772,2
188,3.785686,1.557213,7.442283,2
189,3.794066,1.560984,7.426148,2
190,3.825414,1.50569,7.417233,2
191,3.809093,1.561044,7.422884,2
192,3.808873,1.576625,7.438982,2
193,3.828767,1.530317,7.443032,2
194,3.814095,1.562921,7.431828,2
195,3.815045,1.568005,7.421694,2
196,3.843611,1.503883,7.409852,2
197,3.83057,1.547243,7.39432,2
198,3.828909,1.570639,7.396952,2
199,3.853215,1.525418,7.397711,2
200,3.851131,1.562969,7.370103,2
201,3.847444,1.595155,7.348443,2
202,3.866763,1.530626,7.337642,2
203,3.865038,1.546486,7.324496,2
204,3.850419,1.591603,7.322279,2
205,3.856328,1.535,7.339171,2
206,3.854404,1.531081,7.339311,2
207,3.836714,1.591264,7.314654,2
208,3.837878,1.549458,7.320252,2
209,3.838866,1.524953,7.319458,2
210,3.825095,1.590591,7.316985,2
211,3.81543,1.562784,7.33449,2
212,3.808879,1.506816,7.344308,2
213,3.77354,1.522927,7.323478,2
214,3.735711,1.510301,7.302785,2
215,3.731495,1.455985,7.325973,2
216,3.706616,1.463705,7.342128,2
217,3.665465,1.482391,7.376153,2
218,3.689161,1.435703,7.413918,2
219,3.670336,1.448141,7.428829,2
220,3.630831,1.487705,7.432543,2
221,3.662871,1.44859,7.436491,2
222,3.656121,1.439001,7.444752,2
223,3.62808,1.482082,7.46788,2
224,3.645273,1.452411,7.488251,2
225,3.645515,1.434159,7.506064,2
226,3.632191,1.482141,7.51695,2
227,3.657246,1.488858,7.51266,2
228,3.692274,1.47177,7.512403,2
229,3.695181,1.518887,7.531821,2
230,3.712108,1.530876,7.549983,2
231,3.755692,1.497359,7.555788,2
232,3.768268,1.532067,7.569867,2
233,3.780932,1.552873,7.562274,2
234,3.82668,1.484626,7.531743,1
235,3.83271,1.529973,7.545008,1
236,3.840459,1.548885,7.552629,1
237,3.85861,1.529224,7.556888,1
238,3.87535,1.530204,7.553137,1
239,3.884942,1.540902,7.545578,1
240,3.894051,1.53365,7.533623,1
241,3.906689,1.531834,7.523708,1
242,3.917255,1.541414,7.518578,1
243,3.928934,1.539131,7.519388,1
244,3.939061,1.533781,7.527542,1
245,3.939424,1.545507,7.543844,1
246,3.948493,1.544037,7.549161,1
247,3.949715,1.543751,7.546301,1
248,3.951396,1.539823,7.537248,1
249,3.952461,1.534679,7.524347,1
250,3.949661,1.537983,7.513774,1
251,3.951348,1.540507,7.508246,1
252,3.94849,1.54121,7.506672,1
253,3.942897,1.538475,7.510087,1
254,3.93808,1.5394,7.51475,1
255,3.93662,1.541333,7.514293,1
256,3.937702,1.54468,7.504961,1
257,3.942839,1.538625,7.49019,1
258,3.947466,1.53922,7.479016,1
259,3.952033,1.543907,7.47726,1
260,3.954348,1.543101,7.480482,1
261,3.952957,1.539283,7.488801,1
262,3.943403,1.5396,7.502825,1
263,3.93346,1.536293,7.509843,1
264,3.912744,1.543511,7.50539,1
265,3.893212,1.541916,7.489505,1
266,3.875094,1.519833,7.468935,1
267,3.850669,1.496299,7.456098,1
268,3.800181,1.545453,7.46046,2
269,3.776138,1.535518,7.450669,2
270,3.764699,1.498232,7.429374,2
271,3.747706,1.53098,7.410483,2
272,3.765651,1.491452,7.381263,2
273,3.747739,1.516209,7.374951,2
274,3.726018,1.558054,7.383671,2
275,3.742924,1.497584,7.393992,2
276,3.724147,1.521114,7.401111,2
277,3.718251,1.52016,7.407557,2
278,3.752269,1.481388,7.410257,2
279,3.738944,1.531906,7.420946,2
280,3.742573,1.560283,7.44578,2
281,3.77041,1.524282,7.464556,2
282,3.763085,1.563415,7.474189,2
283,3.764904,1.567712,7.474831,2
284,3.783099,1.532038,7.470316,2
285,3.762492,1.569131,7.48391,2
286,3.760415,1.573323,7.504473,2
287,3.765356,1.539294,7.51652,2
288,3.744597,1.583099,7.518894,2
289,3.739894,1.560521,7.513175,2
290,3.743871,1.531533,7.509714,2
291,3.724898,1.565903,7.514771,2
292,3.714565,1.570516,7.519607,2
293,3.71506,1.540492,7.521145,2
294,3.691402,1.579952,7.516342,2
295,3.680789,1.569559,7.50598,2
296,3.669294,1.54673,7.499313,2
297,3.649364,1.578772,7.505185,2
298,3.646072,1.547527,7.512971,2
299,3.643525,1.528327,7.516444,2
300,3.636982,1.549649,7.507335,1
301,3.639046,1.553396,7.49324,1
302,3.650963,1.529194,7.480391,1
303,3.666835,1.541406,7.476698,1
304,3.677496,1.543694,7.480465,1
305,3.688385,1.536402,7.486587,1
306,3.703358,1.5282,7.494813,1
307,3.718453,1.536798,7.499076,1
308,3.740754,1.541699,7.497377,1
309,3.754079,1.535404,7.493806,1
310,3.758102,1.535724,7.49123,1
311,3.765968,1.53108,7.495379,1
312,3.779275,1.532508,7.507051,1
313,3.794167,1.525717,7.523714,1
314,3.80502,1.525271,7.547482,1
315,3.814605,1.523651,7.562887,1
316,3.825253,1.526231,7.568099,1
317,3.831131,1.524502,7.563515,1
318,3.835857,1.520561,7.552825,1
319,3.830359,1.518659,7.54659,1
320,3.831283,1.519465,7.543397,1
321,3.832053,1.519399,7.544971,1
322,3.834999,1.516315,7.551558,1
323,3.828229,1.525581,7.561926,1
324,3.829986,1.522302,7.561805,1
325,3.824275,1.521951,7.552152,1
326,3.823333,1.510159,7.541009,1
327,3.81544,1.510881,7.531881,1
328,3.805909,1.50808,7.527011,1
329,3.804421,1.506511,7.529394,1
330,3.806138,1.498786,7.539646,0
331,3.802744,1.498406,7.553706,0
332,3.803783,1.496018,7.563082,0
333,3.810833,1.496014,7.567663,0
334,3.815302,1.494613,7.56642,0
335,3.817969,1.496143,7.563314,0
336,3.819186,1.496265,7.557306,0
337,3.820438,1.496794,7.554774,0
338,3.820465,1.497221,7.555022,0
339,3.818921,1.497363,7.557392,0
340,3.817069,1.496294,7.561208,0
341,3.812538,1.495958,7.564562,0
342,3.807614,1.49483,7.567591,0
343,3.801195,1.493195,7.569365,0
344,3.794727,1.491516,7.571621,0
345,3.788384,1.492407,7.572594,0
346,3.783864,1.492848,7.570681,0
347,3.785306,1.488516,7.562061,0
348,3.78728,1.490524,7.551831,0
349,3.788668,1.494162,7.542043,0
350,3.786747,1.494256,7.53664,0
351,3.784376,1.492886,7.536139,0
352,3.778174,1.491055,7.539781,0
353,3.765617,1.501979,7.538986,0
354,3.736329,1.522328,7.534424,2
355,3.751409,1.467107,7.521827,2
356,3.718336,1.494646,7.529333,2
357,3.691087,1.523751,7.551439,2
358,3.71321,1.464298,7.558816,2
359,3.676056,1.512511,7.562385,2
360,3.677893,1.503644,7.544673,2
361,3.693825,1.47894,7.537959,2
362,3.680554,1.526613,7.542839,2
363,3.709921,1.503874,7.550054,2
364,3.726218,1.489041,7.54801,2
365,3.712904,1.546337,7.53884,2
366,3.731352,1.53032,7.526081,2
367,3.744378,1.509112,7.52546,2
368,3.738527,1.550341,7.531045,2
369,3.759873,1.528656,7.532474,2
370,3.778157,1.514815,7.530227,2
371,3.767807,1.568023,7.519142,2
372,3.782025,1.561443,7.507185,2
373,3.806399,1.525677,7.502249,2
374,3.792703,1.575711,7.513307,2
375,3.798079,1.56081,7.52364,2
376,3.793856,1.547142,7.529359,2
377,3.776209,1.579643,7.520473,2
378,3.779173,1.572811,7.50863,2
379,3.798226,1.535205,7.501879,2
380,3.787778,1.57258,7.512835,2
381,3.793053,1.568067,7.522668,2
382,3.813698,1.53783,7.524465,2
383,3.815515,1.553415,7.512369,2
384,3.823245,1.560192,7.496949,0
385,3.835849,1.529569,7.486245,0
386,3.854717,1.533732,7.483096,0
387,3.862369,1.534743,7.491362,0
388,3.86559,1.540661,7.497379,0
389,3.874701,1.544648,7.502135,0
390,3.883637,1.546483,7.50217,0
391,3.891676,1.548377,7.499102,0
392,3.897097,1.548723,7.494827,0
393,3.901135,1.549515,7.491079,0
394,3.904826,1.549003,7.48849,0
395,3.906959,1.5499,7.485947,0
396,3.90777,1.548985,7.484781,0
397,3.908483,1.545564,7.483543,0
398,3.91039,1.544447,7.48407,0
399,3.913633,1.544183,7.485142,0
400,3.917188,1.543376,7.487762,0
401,3.919278,1.541659,7.491379,0
402,3.920238,1.540653,7.495985,0
403,3.920276,1.540177,7.499477,0
404,3.918962,1.539008,7.502825,0
405,3.917191,1.537112,7.507077,0
406,3.915148,1.53617,7.511441,0
407,3.911643,1.534377,7.518772,0
408,3.905739,1.527187,7.526592,0
409,3.89902,1.514975,7.534792,0
410,3.887184,1.52274,7.533529,0
411,3.858052,1.569119,7.523726,2
412,3.857748,1.532343,7.51183,2
413,3.852818,1.508043,7.510512,2
414,3.834784,1.550075,7.529898,2
415,3.855984,1.505532,7.548997,2
416,3.839015,1.529641,7.562361,2
417,3.835098,1.539078,7.556417,2
418,3.861508,1.512905,7.539593,2
419,3.850358,1.55123,7.539605,2
420,3.851238,1.56793,7.550821,2
421,3.878145,1.513094,7.554176,2
422,3.860954,1.560866,7.547728,2
423,3.864378,1.552738,7.531793,2
424,3.873869,1.514312,7.516602,2
425,3.859923,1.558294,7.51951,2
426,3.854753,1.561104,7.528446,2
427,3.855268,1.53887,7.528226,2
428,3.834813,1.57547,7.513943,2
429,3.841732,1.553727,7.491729,2
430,3.841742,1.53463,7.481215,2
431,3.82122,1.584436,7.494829,2
432,3.815015,1.580477,7.505232,2
433,3.823675,1.524921,7.503196,2
434,3.792723,1.561774,7.488371,2
435,3.770823,1.576726,7.459043,2
436,3.771084,1.534907,7.437698,2
437,3.744609,1.56853,7.440494,2
438,3.723327,1.599951,7.453733,2
439,3.741004,1.535753,7.458053,2
440,3.73195,1.546343,7.451496,2
441,3.711468,1.581859,7.438385,2
442,3.721903,1.515384,7.420438,2
443,3.714139,1.527737,7.420062,1
444,3.723781,1.547719,7.430729,1
445,3.73217,1.541516,7.445145,1
446,3.733175,1.545788,7.459922,1
447,3.74661,1.548728,7.461956,1
448,3.758397,1.544708,7.459982,1
449,3.766137,1.537712,7.452753,1
450,3.763321,1.551044,7.44729,1
451,3.772787,1.545761,7.447206,1
452,3.773989,1.544632,7.453141,1
453,3.773211,1.538112,7.464968,1
454,3.771559,1.534701,7.47993,1
455,3.769896,1.53684,7.490224,1
456,3.764946,1.543995,7.493394,1
457,3.759875,1.537784,7.48784,1
458,3.753169,1.535384,7.480313,1
459,3.746258,1.53796,7.478528,1
460,3.744489,1.536809,7.482431,1
461,3.744048,1.53117,7.494791,1
462,3.748018,1.521206,7.519112,1
463,3.742758,1.528472,7.545581,1
464,3.748713,1.52239,7.562184,1
465,3.752978,1.518885,7.569474,1
466,3.758573,1.513934,7.572781,1
467,3.767353,1.510546,7.573236,1
468,3.776384,1.512059,7.578177,1
469,3.786161,1.507901,7.589804,1
470,3.795023,1.50434,7.604823,1
471,3.805992,1.497652,7.624719,1
472,3.808717,1.5004,7.646751,1
473,3.811728,1.503058,7.669725,1
474,3.80777,1.499769,7.671275,1
475,3.797945,1.497961,7.660267,1
476,3.784598,1.49487,7.636606,1
477,3.766002,1.495782,7.621178,1
478,3.744933,1.491428,7.610332,1
479,3.725575,1.483284,7.604735,1
480,3.71077,1.473967,7.606569,1
481,3.697747,1.471568,7.613987,1
482,3.69014,1.46904,7.618249,1
483,3.682509,1.469466,7.616404,1
484,3.67615,1.469437,7.604004,1
485,3.673779,1.465814,7.583982,1
486,3.662542,1.471111,7.56755,1
487,3.656052,1.472612,7.555369,1
488,3.656175,1.476701,7.551195,1
489,3.65591,1.478984,7.554321,1
490,3.652815,1.482739,7.569201,1
491,3.6508,1.489193,7.586443,1
492,3.648332,1.498953,7.598031,1
493,3.652412,1.509278,7.601882,1
494,3.658463,1.515302,7.603074,1
495,3.6578,1.528156,7.591783,1
496,3.655642,1.532652,7.581371,1
497,3.657867,1.532586,7.574582,1
498,3.664127,1.536019,7.573509,1
499,3.668315,1.538918,7.580369,1
500,3.666741,1.548341,7.591846,1
501,3.668076,1.548001,7.599051,1
502,3.668375,1.547966,7.597463,1
503,3.6675,1.544188,7.588778,1
504,3.662846,1.545951,7.576684,1
505,3.655273,1.546371,7.567846,1
506,3.645162,1.544755,7.563877,1
507,3.648917,1.51539,7.565895,2
508,3.634768,1.550495,7.562086,2
509,3.623562,1.573165,7.554103,2
510,3.654044,1.50713,7.550786,2
511,3.640383,1.547984,7.558534,2
512,3.636326,1.569102,7.57965,2
513,3.666857,1.520381,7.589572,2
514,3.655132,1.56349,7.59264,2
515,3.680686,1.553206,7.583976,2
516,3.715255,1.527151,7.57978,2
517,3.725515,1.581632,7.585101,2
518,3.763368,1.559772,7.593648,2
519,3.79387,1.544707,7.600532,2
520,3.814279,1.578193,7.594441,2
521,3.857861,1.540624,7.590381,2
522,3.886729,1.52008,7.587025,2
523,3.888016,1.566967,7.601445,2
524,3.908609,1.525836,7.614244,2
525,3.912817,1.522285,7.617963,2
526,3.89389,1.573337,7.608952,2
527,3.917984,1.526703,7.596213,2
528,3.928189,1.516093,7.598644,2
529,3.918282,1.56098,7.614554,2
530,3.93942,1.52106,7.628224,1
531,3.946168,1.525438,7.636938,1
532,3.948542,1.54456,7.63614,1
533,3.952239,1.537719,7.630111,1
534,3.952612,1.51904,7.619635,1
535,3.950167,1.527743,7.614939,1
536,3.949693,1.540448,7.618789,1
537,3.946481,1.536524,7.625785,1
538,3.946549,1.531764,7.636691,1
539,3.946355,1.537502,7.644947,1
540,3.94483,1.547346,7.642368,1
541,3.949264,1.539336,7.633592,1
542,3.948588,1.534557,7.621998,1
543,3.94683,1.537589,7.615648,1
544,3.944909,1.53646,7.612978,1
545,3.946537,1.532197,7.617076,1
546,3.945275,1.531657,7.624912,1
547,3.945686,1.529818,7.632354,1
548,3.94667,1.530536,7.633692,1
549,3.948045,1.532575,7.625655,1
550,3.954263,1.521854,7.6114,1
551,3.95109,1.529698,7.600026,1
552,3.950081,1.526654,7.596491,1
553,3.953835,1.530895,7.603731,1
554,3.957522,1.524641,7.61368,1
555,3.959141,1.52191,7.627061,1
556,3.955145,1.525912,7.640641,1
557,3.960022,1.527267,7.641171,1
558,3.967772,1.525385,7.636333,1
559,3.971465,1.530361,7.624964,0
560,3.972808,1.531838,7.613808,0
561,3.971652,1.533497,7.605986,0
562,3.969336,1.53328,7.602639,0
563,3.968894,1.533543,7.60077,0
564,3.968108,1.534256,7.601614,0
565,3.96399,1.534376,7.603302,0
566,3.959242,1.533356,7.604638,0
567,3.954971,1.532883,7.604404,0
568,3.950726,1.532519,7.604146,0
569,3.945677,1.531845,7.604399,0
570,3.939493,1.531316,7.605477,0
571,3.932921,1.530353,7.607497,0
572,3.925055,1.528409,7.611538,0
573,3.918548,1.52636,7.615419,0
574,3.913195,1.526309,7.620473,0
575,3.909847,1.52799,7.626244,0
576,3.907357,1.525088,7.632428,0
577,3.904815,1.524829,7.637412,0
578,3.903413,1.524366,7.640232,0
579,3.901626,1.524076,7.639826,0
580,3.900983,1.525007,7.638646,0
581,3.90134,1.525573,7.635979,0
582,3.901144,1.527073,7.633161,0
583,3.897984,1.526135,7.632169,0
584,3.889255,1.523672,7.633891,0
585,3.874219,1.53533,7.631671,0
586,3.839081,1.567813,7.620395,2
587,3.85847,1.501309,7.609483,2
588,3.839722,1.546277,7.616924,2
589,3.825802,1.572761,7.629218,2
590,3.85111,1.514001,7.637897,2
591,3.822504,1.580202,7.63293,2
592,3.828332,1.562551,7.627204,2
593,3.837591,1.535188,7.628146,2
594,3.824296,1.576286,7.649411,2
595,3.849898,1.535539,7.662541,2
596,3.863048,1.528964,7.667659,2
597,3.852124,1.587787,7.66029,2
598,3.876634,1.542125,7.647733,2
599,3.88076,1.542283,7.644311,2
600,3.86255,1.608757,7.659697,2
601,3.883418,1.547632,7.665874,2
602,3.88407,1.566601,7.661211,2
603,3.873623,1.616683,7.646037,2
604,3.895683,1.557744,7.628859,2
605,3.903816,1.565735,7.630564,2
606,3.890454,1.619275,7.643447,2
607,3.905944,1.557134,7.652152,2
608,3.911892,1.521988,7.649525,2
609,3.893721,1.585522,7.632283,2
610,3.905359,1.556941,7.612688,2
611,3.91313,1.532321,7.605095,2
612,3.905209,1.581051,7.615691,2
613,3.907881,1.578245,7.631334,2
614,3.919322,1.542194,7.639504,2
615,3.911948,1.564106,7.636755,2
616,3.906858,1.580448,7.625259,1
617,3.920635,1.546614,7.61849,1
618,3.920666,1.547303,7.625657,1
619,3.922298,1.549927,7.640363,1
620,3.927231,1.541707,7.651924,1
621,3.93576,1.539912,7.661242,1
622,3.936782,1.557388,7.662482,1
623,3.937713,1.555428,7.653973,1
624,3.939685,1.548109,7.64419,1
625,3.936385,1.555487,7.634489,1
626,3.9394,1.553158,7.632773,1
627,3.942694,1.554159,7.642995,1
628,3.948738,1.546694,7.655521,1
629,3.949225,1.558265,7.668612,1
630,3.953888,1.559349,7.673133,1
631,3.953987,1.558931,7.667411,1
632,3.954827,1.551624,7.654925,1
633,3.953832,1.560398,7.632748,1
634,3.952645,1.553451,7.620944,1
635,3.953146,1.550653,7.617962,1
636,3.954998,1.554509,7.622536,1
637,3.955481,1.553142,7.631803,1
638,3.950479,1.556435,7.64496,1
639,3.944778,1.562102,7.650479,1
640,3.944541,1.559188,7.645212,1
641,3.944719,1.550341,7.633982,1
642,3.936352,1.552547,7.618723,1
643,3.923952,1.554358,7.612137,1
644,3.916812,1.552869,7.617105,1
645,3.910985,1.543516,7.627189,1
646,3.905419,1.541451,7.641654,1
647,3.894226,1.551176,7.652717,1
648,3.891103,1.550591,7.653319,1
649,3.888876,1.54725,7.645238,1
650,3.882934,1.546742,7.630176,1
651,3.874853,1.54356,7.61925,1
652,3.862749,1.545385,7.616584,1
653,3.854703,1.544839,7.62248,1
654,3.845399,1.540491,7.634891,1
655,3.83364,1.541548,7.647778,1
656,3.822695,1.543607,7.655603,1
657,3.815765,1.543045,7.653845,1
658,3.812179,1.541977,7.644552,1
659,3.807978,1.540213,7.628692,1
660,3.806453,1.532566,7.61212,1
661,3.801833,1.537119,7.608693,1
662,3.796635,1.539338,7.614418,1
663,3.791841,1.53416,7.626386,1
664,3.786858,1.530346,7.640834,1
665,3.770791,1.543733,7.65003,1
666,3.753238,1.54159,7.645951,1
667,3.750677,1.490354,7.641451,2
668,3.726466,1.537664,7.649505,2
669,3.713223,1.584345,7.669755,2
670,3.723827,1.548945,7.680129,2
671,3.721202,1.538455,7.682765,2
672,3.704349,1.574931,7.665207,2
673,3.735394,1.516914,7.648448,2
674,3.72603,1.554951,7.642167,2
675,3.716197,1.594045,7.655843,2
676,3.742236,1.530054,7.667119,2
677,3.735138,1.546652,7.671612,2
678,3.727925,1.576872,7.664711,2
679,3.761539,1.512937,7.653776,2
680,3.752072,1.556219,7.651377,2
681,3.745871,1.598847,7.662576,2
682,3.772798,1.531575,7.662831,2
683,3.767179,1.562178,7.6548,2
684,3.760372,1.584845,7.636227,2
685,3.785467,1.508251,7.62058,2
686,3.773516,1.55595,7.623507,2
687,3.7665,1.606217,7.645542,2
688,3.777516,1.546871,7.654201,2
689,3.769307,1.561486,7.654022,2
690,3.752957,1.599341,7.642046,2
691,3.768942,1.530903,7.626032,2
692,3.759633,1.544194,7.62348,2
693,3.732776,1.598458,7.634481,2
694,3.747561,1.539715,7.642382,2
695,3.749678,1.52974,7.64257,2
696,3.729857,1.587916,7.625837,2
697,3.745751,1.548267,7.609676,2
698,3.749234,1.539963,7.602651,2
699,3.736305,1.594026,7.616613,2
700,3.739738,1.560536,7.624845,2
701,3.73781,1.538806,7.628887,2
702,3.723123,1.572537,7.622199,2
703,3.718935,1.563623,7.60912,2
704,3.723847,1.526113,7.605012,1
705,3.729757,1.548121,7.612497,1
706,3.728468,1.555853,7.631556,1
707,3.724715,1.539211,7.647397,1
708,3.721383,1.535964,7.658971,1
709,3.717553,1.5463,7.661242,1
710,3.717175,1.547672,7.656827,1
711,3.717854,1.541591,7.645808,1
712,3.718586,1.539803,7.632467,1
713,3.716778,1.545864,7.622886,1
714,3.717213,1.546942,7.620855,1
715,3.720455,1.544124,7.627137,1
716,3.724532,1.539192,7.640585,1
717,3.727261,1.540777,7.654633,1
718,3.729335,1.546375,7.661184,1
719,3.730502,1.548209,7.658797,1
720,3.73108,1.54422,7.649081,1
721,3.73156,1.54071,7.636054,1
722,3.730764,1.539845,7.626563,1
723,3.728171,1.53981,7.621805,1
724,3.733107,1.540076,7.624586,1
725,3.736199,1.53481,7.635148,1
726,3.734552,1.537278,7.655534,1
727,3.734096,1.531559,7.671272,1
728,3.733098,1.53279,7.67674,1
729,3.732906,1.531794,7.675485,1
730,3.732066,1.528072,7.668168,1
731,3.728145,1.529582,7.656333,0
732,3.724381,1.527505,7.647378,0
733,3.721525,1.525552,7.641963,0
734,3.7216,1.523758,7.638531,0
735,3.724246,1.523599,7.637164,0
736,3.726041,1.523915,7.636182,0
737,3.726091,1.523343,7.635764,0
738,3.725333,1.522957,7.635081,0
739,3.723818,1.522575,7.634089,0
740,3.721783,1.522049,7.633911,0
741,3.719256,1.52123,7.633321,0
742,3.716958,1.520581,7.63344,0
743,3.714089,1.519321,7.633465,0
744,3.711473,1.518661,7.634286,0
745,3.708872,1.518539,7.635826,0
746,3.706457,1.518215,7.637127,0
747,3.703974,1.517654,7.638216,0
748,3.700513,1.517044,7.639215,0
749,3.697909,1.516428,7.640147,0
750,3.695263,1.516243,7.641864,0
751,3.692258,1.51576,7.64573,0
752,3.686919,1.515331,7.649971,0
753,3.678319,1.507771,7.649701,1
754,3.675639,1.512879,7.640595,1
755,3.674391,1.508382,7.630531,1
756,3.669785,1.510515,7.626584,1
757,3.670622,1.507951,7.630489,1
758,3.671691,1.508481,7.635985,1
759,3.673956,1.51004,7.65182,1
760,3.673807,1.508811,7.661367,1
761,3.66561,1.512291,7.662549,1
762,3.663349,1.505868,7.656525,1
763,3.657137,1.511807,7.6501,1
764,3.655479,1.513756,7.665119,1
765,3.666688,1.512309,7.6873,1
766,3.680724,1.512711,7.715797,1
767,3.689805,1.512149,7.7434,1
768,3.699471,1.516275,7.75741,1
769,3.703362,1.525264,7.761503,1
770,3.709442,1.518793,7.752457,1
771,3.711918,1.515474,7.739193,1
772,3.706024,1.520649,7.729835,1
773,3.702308,1.523507,7.725585,1
774,3.692656,1.521147,7.727421,1
775,3.671286,1.521123,7.730741,1
776,3.653088,1.520867,7.726252,1
777,3.645557,1.523741,7.716613,1
778,3.645536,1.527069,7.700177,1
779,3.64782,1.527609,7.680719,0
780,3.644338,1.533191,7.661067,0
781,3.642114,1.532656,7.644144,0
782,3.638908,1.535218,7.632292,0
783,3.638083,1.534542,7.622129,0
784,3.635044,1.534261,7.616402,0
785,3.631747,1.532272,7.615957,0
786,3.629764,1.531284,7.617362,0
787,3.632581,1.535055,7.607988,0
788,3.652977,1.535261,7.589681,1
789,3.674216,1.533526,7.584774,1
790,3.682186,1.533648,7.576911,1
791,3.68123,1.524348,7.566751,1
792,3.671672,1.528496,7.55157,1
793,3.671004,1.527051,7.542287,1
794,3.681633,1.526992,7.539836,1
795,3.699839,1.517053,7.551779,1
796,3.712266,1.519534,7.562097,1
797,3.723273,1.527203,7.559653,1
798,3.742559,1.528113,7.547269,1
799,3.755112,1.522202,7.530625,1
800,3.764422,1.520979,7.507835,1
801,3.776976,1.524171,7.493571,1
802,3.802459,1.525433,7.488174,1
803,3.827225,1.517753,7.499131,1
804,3.837602,1.519318,7.507373,1
805,3.84364,1.523925,7.507016,1
806,3.855528,1.523667,7.503304,1
807,3.856493,1.518635,7.496903,1
808,3.848271,1.530305,7.485038,1
809,3.845284,1.531011,7.486691,1
810,3.838768,1.524224,7.4954,1
811,3.834979,1.514717,7.502576,2
812,3.813175,1.567882,7.487907,2
813,3.825325,1.547525,7.486146,2
814,3.834042,1.516982,7.481852,2
815,3.821741,1.572516,7.489345,2
816,3.82464,1.552929,7.517491,2
817,3.828731,1.531701,7.528469,2
818,3.816526,1.57159,7.522696,2
819,3.823471,1.539923,7.518847,2
820,3.819878,1.531598,7.514853,2
821,3.797883,1.585577,7.526763,2
822,3.796441,1.554547,7.54972,2
823,3.801084,1.50915,7.556248,2
824,3.780189,1.564713,7.53586,2
825,3.791907,1.547284,7.516667,2
826,3.80095,1.522399,7.49194,2
827,3.783142,1.566537,7.489745,2
828,3.76693,1.575175,7.499236,2
829,3.774897,1.518155,7.510633,2
830,3.753174,1.56245,7.490033,2
831,3.744008,1.573641,7.472501,2
832,3.758622,1.513536,7.467231,2
833,3.755897,1.521753,7.46898,2
834,3.732642,1.576906,7.482831,2
835,3.733937,1.533099,7.50496,2
836,3.728159,1.502605,7.507885,2
837,3.6984,1.550548,7.480275,2
838,3.690615,1.53011,7.459534,2
839,3.685198,1.520046,7.444908,1
840,3.677481,1.542981,7.43713,1
841,3.670353,1.53543,7.446044,1
842,3.677262,1.519609,7.454585,1
843,3.684024,1.522283,7.460395,1
844,3.691525,1.531975,7.458836,1
845,3.703169,1.533073,7.45021,1
846,3.708873,1.524357,7.438183,1
847,3.7078,1.52864,7.423052,1
848,3.710779,1.534171,7.419386,1
849,3.715452,1.537967,7.430174,1
850,3.719496,1.533881,7.451338,1
851,3.720609,1.534064,7.482438,1
852,3.72539,1.538987,7.513218,1
853,3.732123,1.549835,7.525558,1
854,3.740615,1.559137,7.524783,1
855,3.749306,1.549528,7.515903,1
856,3.754457,1.551035,7.502711,1
857,3.762896,1.555847,7.493751,1
858,3.769942,1.560688,7.501032,1
859,3.774206,1.555678,7.520462,1
860,3.775099,1.538574,7.547447,1
861,3.771223,1.545912,7.570371,1
862,3.772286,1.54775,7.583923,1
863,3.771214,1.544155,7.58413,1
864,3.769132,1.536048,7.576136,1
865,3.766233,1.530169,7.565742,1
866,3.765718,1.52455,7.560862,1
867,3.76669,1.52896,7.565518,1
868,3.772012,1.529859,7.583503,1
869,3.777391,1.52537,7.614657,1
870,3.776432,1.533027,7.646271,1
871,3.780124,1.53054,7.669166,1
872,3.790396,1.522652,7.691414,1
873,3.797522,1.514664,7.702594,1
874,3.804687,1.499416,7.695967,1
875,3.802021,1.494949,7.682064,1
876,3.801593,1.4927,7.671986,1
877,3.796877,1.49137,7.662921,1
878,3.792469,1.491792,7.663244,1
879,3.784082,1.488952,7.672046,1
880,3.76845,1.495538,7.692254,1
881,3.756725,1.488351,7.699767,1
882,3.74464,1.487822,7.699543,1
883,3.739048,1.485465,7.691657,1
884,3.742734,1.483216,7.681742,1
885,3.741242,1.48364,7.678018,1
886,3.738362,1.483404,7.68057,1
887,3.733902,1.48372,7.688547,1
888,3.726717,1.480769,7.703119,1
889,3.719047,1.47851,7.717863,1
890,3.717085,1.474256,7.728783,1
891,3.71523,1.477015,7.726095,1
892,3.719819,1.477348,7.713274,1
893,3.729805,1.474479,7.689273,1
894,3.731973,1.482552,7.670099,1
895,3.733348,1.484845,7.656611,1
896,3.735944,1.485906,7.654574,1
897,3.735204,1.48314,7.661717,1
898,3.733419,1.483298,7.675552,1
899,3.735694,1.480686,7.68639,1
900,3.735234,1.483785,7.69128,1
901,3.736746,1.485342,7.685,1
902,3.745013,1.481061,7.67034,1
903,3.746434,1.486933,7.658911,0
904,3.747801,1.489995,7.650115,0
905,3.75037,1.490702,7.64579,0
906,3.75128,1.490577,7.643634,0
907,3.755238,1.492976,7.643045,0
908,3.759316,1.496059,7.644495,0
909,3.76103,1.496633,7.646971,0
910,3.763062,1.495553,7.649961,0
911,3.767362,1.494543,7.652633,0
912,3.772282,1.495695,7.656632,0
913,3.776923,1.495786,7.660295,0
914,3.779518,1.49624,7.662851,0
915,3.780837,1.496296,7.664247,0
916,3.780868,1.495835,7.664802,0
917,3.780814,1.495962,7.664879,0
918,3.780164,1.496136,7.664517,0
919,3.778894,1.496056,7.663826,0
920,3.776576,1.496382,7.663158,0
921,3.772466,1.49655,7.661846,0
922,3.764985,1.495853,7.660903,0
923,3.757789,1.494783,7.658554,0
924,3.749319,1.494943,7.655766,0
925,3.743141,1.495456,7.653049,0
926,3.737149,1.496727,7.650142,0
927,3.732501,1.497731,7.646603,0
928,3.727847,1.499154,7.643446,0
929,3.723391,1.501461,7.639803,0
930,3.720508,1.503594,7.637306,0
931,3.717886,1.505787,7.634975,0
932,3.71527,1.507509,7.633308,0
933,3.712421,1.508453,7.630418,0
934,3.710312,1.509896,7.628321,0
935,3.707572,1.51087,7.625303,0
936,4.84,1.535,7.56,0
937,3.729396,1.538785,7.599879,0
938,3.727753,1.537837,7.601017,0
939,3.726427,1.537032,7.601662,0
940,3.724967,1.536114,7.601437,0
941,3.722911,1.534776,7.601399,0
942,3.720344,1.532502,7.601265,0
943,3.717677,1.530941,7.601889,0
944,3.715008,1.529716,7.602187,0
945,3.711909,1.526885,7.603501,0
946,3.709433,1.524479,7.604399,0
947,3.707375,1.521334,7.604694,0
948,3.70502,1.518443,7.603735,0
949,3.703211,1.516503,7.601934,0
950,3.702298,1.514547,7.600103,0
951,3.702039,1.512308,7.598488,0
952,3.70238,1.510634,7.595561,0
953,3.704224,1.5101,7.591471,0
954,3.706039,1.509436,7.586742,0
955,3.70806,1.508889,7.581103,0
956,3.711818,1.508474,7.577047,0
957,3.718623,1.50738,7.575679,0
958,3.727614,1.505446,7.576,0
959,3.738407,1.50143,7.576892,0
960,3.746983,1.496891,7.577351,0
961,3.754865,1.492982,7.578618,0
962,3.765721,1.488607,7.582389,0
963,3.778551,1.487911,7.588935,0
964,3.794366,1.489319,7.598157,0
965,3.814181,1.492269,7.6122,0
966,3.830872,1.496951,7.628372,0
967,3.847803,1.500973,7.645033,0
968,3.865122,1.506014,7.660412,0
969,3.879236,1.510329,7.67478,0
970,3.891584,1.512893,7.688474,0
971,3.898931,1.5153,7.699074,0
972,3.902966,1.515628,7.707706,0
973,3.904591,1.514451,7.715277,0
974,3.904616,1.512969,7.720224,0
975,3.903454,1.511125,7.724488,0
976,3.898165,1.507495,7.728909,0
977,3.886497,1.501095,7.732382,0
978,3.867724,1.491387,7.733833,0
979,3.842798,1.48153,7.73098,0
980,3.817175,1.471766,7.72143,0
981,3.786968,1.461353,7.701929,0
982,3.765573,1.452351,7.679431,0
983,3.751825,1.445668,7.657398,0
984,3.745748,1.438259,7.636737,0
985,3.745302,1.432273,7.616985,0
986,3.748095,1.424873,7.596294,0
987,3.757466,1.417348,7.579123,0
988,3.771267,1.416127,7.559808,0
989,3.785225,1.418223,7.541011,0
990,3.798898,1.419791,7.519086,0
991,3.811407,1.422037,7.491948,0
992,3.827501,1.424389,7.452285,0
993,3.846602,1.425966,7.409857,0
994,3.868424,1.432814,7.367552,0
995,3.888506,1.434824,7.33253,0
996,3.903771,1.434348,7.312954,0
997,3.915971,1.438653,7.312726,0
998,3.922037,1.456429,7.322707,0
999,3.92642,1.471487,7.330392,0
1000,3.929425,1.486285,7.338872,0
1001,3.934556,1.500392,7.346001,0
1002,3.938292,1.512725,7.353765,0
1003,3.941227,1.524995,7.362966,0
1004,3.939782,1.529085,7.370558,0
1005,3.935894,1.53307,7.374442,0
1006,3.927799,1.535768,7.376314,0
1007,3.915733,1.537574,7.38131,0
1008,3.896012,1.539451,7.396255,0
1009,3.871833,1.539433,7.420682,0
1010,3.845779,1.535699,7.453502,0
1011,3.817962,1.528306,7.489331,0
1012,3.787179,1.515575,7.521235,0
1013,3.756141,1.494962,7.54979,0
1014,3.714831,1.47264,7.57244,0
1015,3.669868,1.452974,7.583767,0
1016,3.618576,1.434055,7.590123,0
1017,3.569283,1.417408,7.601777,0
1018,3.523788,1.404389,7.628237,0
1019,3.508373,1.390608,7.66052,0
1020,3.510893,1.388026,7.700178,0
1021,3.531943,1.386319,7.736095,0
1022,3.568538,1.381259,7.776606,0
1023,3.626518,1.380838,7.823402,0
1024,3.701416,1.391664,7.862114,0
1025,3.797354,1.396778,7.869965,0
1026,3.87853,1.391594,7.841645,0
1027,3.952838,1.39096,7.805533,0
1028,4.027778,1.403585,7.776714,0
1029,4.104535,1.410141,7.740057,0
1030,4.186451,1.411882,7.7039,0
1031,4.263657,1.414036,7.678361,0
1032,4.347251,1.412998,7.651597,0
1033,4.429106,1.410634,7.628266,0
1034,4.491693,1.415973,7.617491,0
1035,4.539516,1.420086,7.614885,0
1036,4.585663,1.423837,7.625029,0
1037,4.616602,1.422529,7.644203,0
1038,4.648475,1.422484,7.663804,0
1039,4.687312,1.426684,7.671078,0
1040,4.71937,1.432057,7.663212,0
1041,4.747837,1.444905,7.636418,0
1042,4.76278,1.44809,7.60317,0
1043,4.774753,1.450211,7.561444,0
1044,4.780601,1.448429,7.515491,0
1045,4.785209,1.447471,7.472415,0
1046,4.786882,1.444123,7.432946,0
1047,4.78688,1.43769,7.394747,0
1048,4.784201,1.430389,7.364648,0
1049,4.778502,1.421175,7.339084,0
1050,4.769581,1.409936,7.319088,0
1051,4.762274,1.400029,7.305193,0
1052,4.763451,1.394185,7.297905,0
1053,4.78234,1.393802,7.297693,0
1054,4.809402,1.399388,7.297014,0
1055,4.841262,1.402296,7.301213,0
1056,4.867961,1.408558,7.310043,0
1057,4.883796,1.417978,7.322306,0
1058,4.88625,1.427352,7.342652,0
1059,4.880169,1.438326,7.359859,0
1060,4.87531,1.441811,7.373823,0
